id,name,category,source_category,source_file,source_table,latitude,longitude,x_utm,y_utm,rating,review_count_log,cluster_id,population_density,nearby_review_count_log_sum_500m,nearby_review_count_log_mean_500m,nearby_avg_rating_500m,same_category_density_250m,same_category_density_500m,same_category_density_1000m,nearest_same_category_distance_m,competitor_saturation_index,business_density_250m,business_density_500m,business_density_1000m,nearest_business_distance_m,poi_diversity_index,nearest_road_distance_m,road_density_500m,intersection_density_500m,road_access_score,is_valid_land,distance_to_water_body_m,distance_to_forest_or_green_area_m,commercial_land_ratio_500m,residential_land_ratio_500m,cluster_centroid_distance_m,nearest_cluster_size,is_noise_area
1333,Kavling sei lekop,housing development,Hospitality,Indonesia.Batam.Hotel.202408042041.db,places,1.0245507,103.947855,382934.57686088514,113262.97833214983,5.0,2.3978952727983707,-1,4388.732137296748,4.595119850134591,2.2975599250672953,4.3,0.0,0.0,0.0,3567.317306340711,0.0,0,1,1,446.5231124140226,0.6931471805579453,8.208317521817929,620.0,180,0.8552180286387189,1,568.1076577804093,328.2698115505221,0.0,0.0,1000.0,0.0,1
1336,Sei lekop,housing society,Hospitality,Indonesia.Batam.Hotel.202408042041.db,places,1.0284147,103.9466862,382804.6579480211,113690.18316124253,3.6,2.1972245773362196,-1,4388.732137296748,4.595119850134591,2.2975599250672953,4.3,0.0,0.0,0.0,12435.732262307058,0.0,0,1,1,446.5231124140226,0.6931471805579453,19.39486919331419,1198.0,354,0.9998404075567802,1,329.008148885916,479.3124807531244,0.0,0.0,1000.0,0.0,1
2394,Tiban Makmur Residence Tahap 2,housing complex,Hospitality,Indonesia.Batam.Hotel.202408042041.db,places,1.1275992,103.9720389,385629.49691130954,124653.94505831676,4.3,3.6109179126442243,-1,2626.697343844494,7.166265974133638,3.583132987066819,4.35,1.0,1.0,1.0,227.1439624582843,1.2732395447351628,1,1,1,227.1439624582843,-1.000088900581841e-12,4.374323416678786,478.0,173,0.8196994991652754,0,247.94426035827945,0.0,0.0,0.0,1000.0,0.0,1
2397,Komp Tiban Makmur Tahap 1,housing complex,Hospitality,Indonesia.Batam.Hotel.202408042041.db,places,1.1261703,103.970572,385466.21678046003,124496.04009148222,4.4,3.5553480614894135,-1,2626.697343844494,7.166265974133638,3.583132987066819,4.35,1.0,1.0,1.0,227.1439624582843,1.2732395447351628,1,1,1,227.1439624582843,-1.000088900581841e-12,4.696133636266608,539.0,188,0.834971539048522,1,320.5914576945605,134.7752552063165,0.0,0.0,1000.0,0.0,1
2427,Penginapan Sari Makmur,hotel,Hospitality,Indonesia.Batam.Hotel.202408042041.db,places,1.1447768,104.017907,390733.9217257446,126551.11212292164,4.0,1.0986122886681098,-1,8196.7314918906,7.795646536334595,1.559129307266919,3.66,1.0,1.0,2.0,141.4040508762712,1.2732395447351628,1,4,5,141.4040508762712,1.3321790402061222,38.16191541884153,221.0,88,0.7549832458214831,1,1598.73723792282,192.3317718377507,0.0,0.0,1000.0,0.0,1
2442,PT  Graha Seraya Pratama,hotel,Hospitality,Indonesia.Batam.Hotel.202408042041.db,places,1.102427,103.965854,384940.31519577163,121871.4378190902,5.0,1.0986122886681098,-1,2626.697343844494,1.0986122886681098,1.0986122886681098,5.0,0.0,0.0,0.0,1024.137093543402,0.0,0,0,0,1024.137093543402,-1.000088900581841e-12,10.631502220378945,745.0,242,0.8864944527231415,1,217.3182544805075,536.3523601182134,0.0,0.0,1000.0,0.0,1
3983,Adhirama kost,hotel,Hospitality,Indonesia.Batam.Hotel.202408042041.db,places,1.1518914,104.0311444,392207.10217618814,127337.10441731985,3.9,2.5649493574615367,-1,9626.992191604691,2.5649493574615367,2.5649493574615367,3.9,0.0,0.0,0.0,1667.8679199546416,0.0,0,0,0,1611.2288390785416,-1.000088900581841e-12,13.614215944722138,648.0,218,0.8621722774194993,1,667.3924796473334,946.0664063845692,0.0,0.0,1000.0,0.0,1
4024,Hotel Utama,temporarily closed,Hospitality,Indonesia.Batam.Hotel.202408042041.db,places,1.1412933,104.0052422,389324.581654343,126166.50653205763,4.2,6.610696044717759,-1,8196.7314918906,6.610696044717759,6.610696044717759,4.2,0.0,0.0,0.0,1408.3579670560277,0.0,0,0,1,735.4059388207385,-1.000088900581841e-12,44.493117075377775,351.0,129,0.7874702342597029,1,1607.4226523502793,962.8760683087928,0.0,0.0,1000.0,0.0,1
4048,Pondok Hiu KASPB,hotel,Hospitality,Indonesia.Batam.Hotel.202408042041.db,places,1.1062999,103.974215,385870.81306989474,122299.25845045797,4.3,3.4011973816621555,-1,2626.697343844494,4.0943445622221,2.04717228111105,4.15,0.0,0.0,1.0,587.4863284397455,0.0,0,1,2,433.68057205760164,0.6931471805579453,29.60634996763119,613.0,201,0.8532377542270444,0,238.8655947304807,0.0,0.0,0.0,1000.0,0.0,1
4349,Airy Komplek Batam Sentosa Raya Ali Haji Batam,temporarily closed,Hospitality,Indonesia.Batam.Hotel.202408042041.db,places,1.1527886,104.0106986,389932.1535435002,127437.06883390518,3.6,2.302585092994046,-1,5742.079344227783,4.499809670330265,2.2499048351651325,3.6,0.0,0.0,0.0,1408.3579670560277,0.0,0,1,3,442.6694901657788,0.6931471805579453,57.08517426914807,376.0,142,0.7935968784260966,1,2195.9523334275614,266.837769736336,0.0,0.0,1000.0,0.0,1
4803,B'Kost Pelita,guest house,Hospitality,Indonesia.Batam.Hotel.202408042041.db,places,1.1416256,104.0204692,391018.8970975558,126202.65972737796,5.0,0.6931471805599453,-1,8196.7314918906,7.795646536334595,1.559129307266919,3.66,0.0,0.0,0.0,1000.0,0.0,2,4,4,19.954710336560794,1.3321790402061222,9.212220337732075,150.0,61,0.7375112019613759,1,1185.4031148093275,515.0129773642318,0.0,0.0,1000.0,0.0,1
4806,Wisata Hotel,hotel,Hospitality,Indonesia.Batam.Hotel.202408042041.db,places,1.1436837,104.018567,390807.3181474995,126430.24827027,4.3,4.394449154672439,-1,8196.7314918906,7.795646536334595,1.559129307266919,3.66,1.0,1.0,2.0,141.4040508762712,1.2732395447351628,2,4,5,141.4040508762712,1.3321790402061222,85.43500968541792,195.0,83,0.7479701204688177,1,1460.6564853667899,264.9748484880124,0.0,0.0,1000.0,0.0,1
4808,Kampung Pelita (Lubuk Baja),indonesia,Hospitality,Indonesia.Batam.Hotel.202408042041.db,places,1.1422386,104.0202948,390999.5148118777,126270.4314920817,0.0,0.0,-1,8196.7314918906,7.795646536334595,1.559129307266919,3.66,0.0,0.0,0.0,4327.203611461657,0.0,3,4,4,65.33435708826518,1.3321790402061222,48.51460784392362,165.0,71,0.7408498767670706,1,1255.7295566759553,452.8622687546787,0.0,0.0,1000.0,0.0,1
4814,Kost Pelita,lodge,Hospitality,Indonesia.Batam.Hotel.202408042041.db,places,1.103382,104.08035,397680.4084539525,121972.82841874467,4.6,2.1972245773362196,-1,5272.0895266801635,2.1972245773362196,2.1972245773362196,4.6,0.0,0.0,0.0,1000.0,0.0,0,0,0,1694.9631918575383,-1.000088900581841e-12,54.129148341111076,391.0,170,0.7973845464672465,1,209.7683004912512,313.3538241324865,0.0,0.0,1000.0,0.0,1
4856,Villa Panbil,housing complex,Hospitality,Indonesia.Batam.Hotel.202408042041.db,places,1.0908078,104.0260507,391638.0861804402,120584.71712241381,4.4,5.680172609017068,-1,972.3912270082593,11.470132779914321,5.735066389957161,4.4,0.0,0.0,1.0,992.9549220274989,0.0,1,1,2,133.82700766423216,0.6931471805579453,811.8365828868932,0.0,0,0.6914207594908458,1,1243.6189670038289,45.534532668822294,0.0,0.0,1000.0,0.0,1
4858,Clubhouse  Villa Panbil,cafe,Hospitality,Indonesia.Batam.Hotel.202408042041.db,places,1.0898055,104.0267252,391713.10271542706,120473.89209158174,4.4,5.7899601708972535,-1,972.3912270082593,11.470132779914321,5.735066389957161,4.4,0.0,0.0,0.0,1000.0,0.0,1,1,2,133.82700766423216,0.6931471805579453,769.465880079716,0.0,0,0.6918709457944919,1,1124.1103473502442,137.47027628651261,0.0,0.0,1000.0,0.0,1
4859,Villa Panbil Forest House Blok DD no 26,housing complex,Hospitality,Indonesia.Batam.Hotel.202408042041.db,places,1.0818292,104.0263046,391666.01809313946,119592.15514176394,5.0,1.6094379124341003,-1,972.3912270082593,1.6094379124341003,1.6094379124341003,5.0,0.0,0.0,1.0,992.9549220274989,0.0,0,0,2,882.99321080627,-1.000088900581841e-12,361.9146766605098,6.0,6,0.6977036582879719,0,484.0808808759724,0.0,0.0,0.0,1000.0,0.0,1
4928,Putri hijau,grocery store,Hospitality,Indonesia.Batam.Hotel.202408042041.db,places,1.0282902,103.9806473,386583.6910068977,113675.19297949954,5.0,1.0986122886681098,-1,4388.732137296748,1.0986122886681098,1.0986122886681098,5.0,0.0,0.0,0.0,1000.0,0.0,0,0,0,1679.850590742724,-1.000088900581841e-12,12.554358768922706,642.0,219,0.8606810341679938,1,637.1424104490945,63.54953545330428,0.0,0.0,1000.0,0.0,1
4934,ZEN Rooms Near Ferry Terminal Batam Centre,permanently closed,Hospitality,Indonesia.Batam.Hotel.202408042041.db,places,1.124678,104.0485307,394140.6544508746,124328.12510157168,4.1,2.8903717578961645,-1,5272.0895266801635,7.8532163881560715,3.9266081940780357,4.199999999999999,0.0,0.0,1.0,717.5449535151951,0.0,1,1,4,139.22125736129672,0.6931471805579453,89.5177292512636,378.0,140,0.7937531191014983,1,722.4516728737261,828.079035891836,0.0,0.0,1000.0,0.0,1
5324,Bukit indah sukajadi,housing society,Hospitality,Indonesia.Batam.Hotel.202408042041.db,places,1.1127053,104.0206955,391043.0023190168,123005.60687273671,4.4,2.9444389791664403,-1,5272.0895266801635,2.9444389791664403,2.9444389791664403,4.4,0.0,0.0,0.0,12435.732262307058,0.0,0,0,1,769.2095832599564,-1.000088900581841e-12,404.66365657851605,22.0,13,0.7012561306078992,1,490.5556728767417,15.59454836701116,0.0,0.0,1000.0,0.0,1
5325,Bukit Indah Sukajadi (Kantor Bukit Indah Sukajadi),real estate developer,Hospitality,Indonesia.Batam.Hotel.202408042041.db,places,1.1039265,104.0262698,391662.9377388221,122034.93577100254,4.4,4.859812404361672,-1,5272.0895266801635,4.859812404361672,2.429906202180836,2.2,0.0,0.0,0.0,1000.0,0.0,1,1,2,143.4373029226801,0.6931471805579453,311.6011003484954,20.0,15,0.7017440802419213,1,1000.5895213832839,163.9718034905218,0.0,0.0,1000.0,0.0,1
5327,Bukit Indah Sukajadi Mosque (Masjid Bukit Indah Sukajadi),mosque,Hospitality,Indonesia.Batam.Hotel.202408042041.db,places,1.1055531,104.0305536,392139.6571498942,122214.59476734068,4.8,7.261927092702751,-1,5272.0895266801635,7.261927092702751,3.6309635463513756,2.4,0.0,0.0,0.0,1000.0,0.0,0,1,4,387.2351264158912,0.6931471805579453,68.03065653573303,70.0,44,0.7168528704457743,1,1262.7700446971255,283.90813476365634,0.0,0.0,1000.0,0.0,1
5330,Graha Nusa Permai A9 07,housing complex,Hospitality,Indonesia.Batam.Hotel.202408042041.db,places,1.1153007,104.089933,398747.1019628755,123290.0471476479,4.5,1.0986122886681098,-1,5272.0895266801635,1.0986122886681098,1.0986122886681098,4.5,0.0,0.0,0.0,7606.373376343509,0.0,0,0,0,1694.9631918575383,-1.000088900581841e-12,34.730843914939804,638.0,229,0.8594437408275364,1,557.405208942305,564.4630367029937,0.0,0.0,1000.0,0.0,1
5331,Perumahan Graha Nusa Batam,housing complex,Hospitality,Indonesia.Batam.Hotel.202408042041.db,places,1.0400653,103.9711051,385522.3042096131,114977.25137825462,4.5,4.574710978503383,-1,4388.732137296748,4.574710978503383,4.574710978503383,4.5,0.0,0.0,0.0,3846.7057541546305,0.0,0,0,0,1679.850590742724,-1.000088900581841e-12,17.040078379685323,596.0,199,0.8491141749882213,1,1530.5122205919763,502.127957124128,0.0,0.0,1000.0,0.0,1
5335,Ikan bakar greenland,seafood restaurant,Hospitality,Indonesia.Batam.Hotel.202408042041.db,places,1.123507,104.0489912,394191.85171388136,124198.65928074674,4.3,4.962844630259907,-1,5272.0895266801635,7.8532163881560715,3.9266081940780357,4.199999999999999,0.0,0.0,0.0,1000.0,0.0,1,1,3,139.22125736129672,0.6931471805579453,8.035251201340596,347.0,122,0.786855927558682,1,584.9957571146812,690.4374385158513,0.0,0.0,1000.0,0.0,1
5341,Grand Park Hotel,permanently closed,Hospitality,Indonesia.Batam.Hotel.202408042041.db,places,1.1521271,104.0067749,389495.5405257032,127364.09383672208,3.6,2.1972245773362196,-1,5742.079344227783,7.590852123688581,2.530284041229527,3.8000000000000003,0.0,0.0,0.0,4993.869637519294,0.0,0,2,3,442.6694901657788,1.0986122886651097,55.89862951990342,537.0,202,0.8339266807220075,1,2563.782793316775,708.4949765118779,0.0,0.0,1000.0,0.0,1
5625,Imperium Superblok,corporate office,Hospitality,Indonesia.Batam.Hotel.202408042041.db,places,1.1178998,104.0252951,391554.991784548,123579.67147725787,4.2,3.6109179126442243,-1,5272.0895266801635,3.6109179126442243,3.6109179126442243,4.2,0.0,0.0,0.0,1000.0,0.0,0,0,1,769.2095832599564,-1.000088900581841e-12,182.29483027965117,210.0,79,0.7506972508267559,1,1241.278737898792,597.5731870532544,0.0,0.0,1000.0,0.0,1
5627,Windsor Square Hotel,hotel,Hospitality,Indonesia.Batam.Hotel.202408042041.db,places,1.1477996,104.0066198,389478.116158972,126885.70681761175,4.2,3.091042453358316,-1,8196.7314918906,5.288267030694536,2.644133515347268,3.9000000000000004,0.0,0.0,1.0,734.1732296255556,0.0,0,1,4,478.7042391803675,0.6931471805579453,30.340662568967,512.0,212,0.8279377986081705,1,2258.5856894465232,829.7850989125783,0.0,0.0,1000.0,0.0,1
5740,Pelita III,lodging,Hospitality,Indonesia.Batam.Hotel.202408042041.db,places,1.1416476,104.0202912,390999.09197607863,126205.098503278,5.0,1.6094379124341003,-1,8196.7314918906,7.795646536334595,1.559129307266919,3.66,0.0,0.0,0.0,6094.033555268438,0.0,2,4,4,19.954710336560794,1.3321790402061222,11.341679079170703,153.0,62,0.7382398286703659,1,1192.0410376248199,516.5323892033817,0.0,0.0,1000.0,0.0,1
5760,Perumahan Permata Laguna Batam,apartment complex,Hospitality,Indonesia.Batam.Hotel.202408042041.db,places,1.0570325,103.941115,382185.7802373525,116854.06909400872,4.3,3.784189633918261,-1,3606.2392180267007,5.575949103146316,1.858649701048772,4.266666666666667,0.0,0.0,0.0,1000.0,0.0,2,2,2,132.6215252652561,1.0986122886651097,16.30686669042985,610.0,202,0.8526278083924379,1,250.52704834961594,707.6924124286292,0.0,0.0,1000.0,0.0,1
5761,Perumahan permata laguna,housing development,Hospitality,Indonesia.Batam.Hotel.202408042041.db,places,1.0562859,103.9420479,382289.56081447913,116771.49754458072,4.0,0.6931471805599453,-1,3606.2392180267007,5.575949103146316,1.858649701048772,4.266666666666667,0.0,0.0,0.0,3567.317306340711,0.0,1,2,2,132.6215252652561,1.0986122886651097,41.782836038289936,604.0,207,0.8508546234957527,1,321.85200810317207,776.745825638336,0.0,0.0,1000.0,0.0,1
5762,Permata laguna,housing complex,Hospitality,Indonesia.Batam.Hotel.202408042041.db,places,1.055246,103.9399991,382061.540784977,116656.61485223736,4.5,1.0986122886681098,-1,3606.2392180267007,5.575949103146316,1.858649701048772,4.266666666666667,0.0,0.0,0.0,3846.7057541546305,0.0,1,2,2,233.28870337000222,1.0986122886651097,16.628488345813576,488.0,161,0.8220734729836758,1,480.1365966794658,925.1629031463267,0.0,0.0,1000.0,0.0,1
5763,Sukajadi (Batam Kota),indonesia,Hospitality,Indonesia.Batam.Hotel.202408042041.db,places,1.1037823,104.0275509,391805.4812807373,122018.94832192558,0.0,0.0,-1,5272.0895266801635,12.121739497064423,4.040579832354807,3.0666666666666664,0.0,0.0,0.0,4327.203611461657,0.0,1,2,4,143.4373029226801,1.0986122886651097,274.4835548528219,31.0,22,0.7048930430333579,1,1142.4915561386865,241.2412941420812,0.0,0.0,1000.0,0.0,1
5855,Hotel Batam Centre,permanently closed,Hospitality,Indonesia.Batam.Hotel.202408042041.db,places,1.1307785,104.0463279,393895.77173483314,125002.59023462104,5.0,1.3862943611198906,-1,5272.0895266801635,1.3862943611198906,1.3862943611198906,5.0,0.0,0.0,1.0,717.5449535151951,0.0,0,0,2,717.5449535151951,-1.000088900581841e-12,125.66799072705568,96.0,47,0.7227513284723788,1,1126.6366174871462,724.3811540918746,0.0,0.0,1000.0,0.0,1
5858,Inul Vizta Kepri Mall | Family Karaoke Batam,karaoke bar,Hospitality,Indonesia.Batam.Hotel.202408042041.db,places,1.102667,104.0353408,392672.22696217516,121895.37383779311,4.3,7.336936913707618,-1,5272.0895266801635,13.0799401015171,6.53997005075855,4.6,0.0,0.0,0.0,1000.0,0.0,1,1,3,111.81258298993026,0.6931471805579453,44.13040711933021,140.0,67,0.7346360245932586,1,658.1308861681526,393.12515519936306,0.0,0.0,1000.0,0.0,1
5859,Eska Wellness Kepri Mall,wellness center,Hospitality,Indonesia.Batam.Hotel.202408042041.db,places,1.1022157,104.0362401,392772.2762358632,121845.45193328845,4.9,5.7430031878094825,-1,5272.0895266801635,13.0799401015171,6.53997005075855,4.6,0.0,0.0,0.0,1000.0,0.0,1,1,3,111.81258298993026,0.6931471805579453,40.05415692841666,143.0,70,0.7354305866061417,1,556.4911970239884,489.783815822102,0.0,0.0,1000.0,0.0,1
5929,Mega Mall Batam Centre,shopping mall,Hospitality,Indonesia.Batam.Hotel.202408042041.db,places,1.1293427,104.0558822,394958.8155279709,124843.52141431395,4.5,9.93212359907246,-1,5272.0895266801635,10.625270779632405,5.312635389816203,4.75,1.0,1.0,1.0,54.16283798463626,1.2732395447351628,1,1,2,54.16283798463626,-1.000088900581841e-12,127.3283557093509,76.0,43,0.7177253399436169,1,1059.4499320610703,682.2736314112168,0.0,0.0,1000.0,0.0,1
5931,Mega Mall Promo Board,shopping mall,Hospitality,Indonesia.Batam.Hotel.202408042041.db,places,1.1295233,104.0554297,394908.47293145134,124863.5023050403,5.0,0.6931471805599453,-1,5272.0895266801635,10.625270779632405,5.312635389816203,4.75,1.0,1.0,1.0,54.16283798463626,1.2732395447351628,1,1,3,54.16283798463626,-1.000088900581841e-12,156.51285413229286,89.0,49,0.7206706820199067,1,1105.944757132782,717.1059944711088,0.0,0.0,1000.0,0.0,1
6013,Seraya Hotel,hotel,Hospitality,Indonesia.Batam.Hotel.202408042041.db,places,1.1489472,104.0131187,390201.28929490945,127012.32019193393,3.9,2.0794415416798357,-1,8196.7314918906,2.0794415416798357,2.0794415416798357,3.9,0.0,0.0,3.0,704.5638291165849,0.0,0,0,5,502.83741064389875,-1.000088900581841e-12,46.49907422571894,332.0,129,0.7826909911961129,1,2224.373196852671,226.7314215349799,0.0,0.0,1000.0,0.0,1
6139,Hotel Safari Raya,hotel,Hospitality,Indonesia.Batam.Hotel.202408042041.db,places,0.6835144,103.4408158,326492.544264364,75577.08235338998,3.5,3.6109179126442243,-1,0.0,3.6109179126442243,3.6109179126442243,3.5,0.0,0.0,0.0,74560.7757124006,0.0,0,0,0,67867.0008129773,-1.000088900581841e-12,65887.08049374163,0.0,0,0.0,0,27464.215243757764,9965.478220579133,0.0,0.0,1000.0,0.0,1
6233,Victoria,hotel,Hospitality,Indonesia.Batam.Hotel.202408042041.db,places,1.1119333,103.9856509,387143.5231067321,122921.58147551617,3.7,1.3862943611198906,-1,2626.697343844494,1.3862943611198906,1.3862943611198906,3.7,0.0,0.0,1.0,962.2061066198412,0.0,0,0,1,962.2061066198412,-1.000088900581841e-12,39.675133339061205,464.0,162,0.815818586999002,1,377.04923149388117,200.04605616441833,0.0,0.0,1000.0,0.0,1
6250,Kos tiban dekat BTP  ITEBA,hotel,Hospitality,Indonesia.Batam.Hotel.202408042041.db,places,1.105841,103.979475,386456.0874351764,122248.32610859416,3.0,0.6931471805599453,-1,2626.697343844494,0.6931471805599453,0.6931471805599453,3.0,0.0,0.0,2.0,587.4863284397455,0.0,0,0,3,587.4863284397455,-1.000088900581841e-12,7.538101308817989,392.0,148,0.7981299910501398,1,275.2985013618608,226.46432593073334,0.0,0.0,1000.0,0.0,1
6267,Bandar Bentan Telani,ferry terminal,Hospitality,Indonesia.Batam.Hotel.202408042041.db,places,1.1604633,104.3202528,424374.78086941526,128275.32381672369,3.9,4.61512051684126,-1,0.0,4.61512051684126,4.61512051684126,3.9,0.0,0.0,0.0,1000.0,0.0,0,0,0,26108.062157194538,-1.000088900581841e-12,19192.061732840804,0.0,0,0.4961319143164359,0,11764.410851559805,8948.952030316372,0.0,0.0,1000.0,0.0,1
6268,Tiban mas blok H 50,lodging,Hospitality,Indonesia.Batam.Hotel.202408042041.db,places,1.1100278,103.9754288,386006.01790073526,122711.32457658046,4.0,0.6931471805599453,-1,2626.697343844494,4.0943445622221,2.04717228111105,4.15,0.0,0.0,0.0,6094.033555268438,0.0,0,1,2,433.68057205760164,0.6931471805579453,13.083647760394308,608.0,214,0.8521612201854155,1,606.6715271414317,132.13471344885207,0.0,0.0,1000.0,0.0,1
