id,name,category,source_category,source_file,source_table,latitude,longitude,x_utm,y_utm,cluster_id,dist_to_cluster_centroid_m,competitor_density_500m,competitor_density_1km,same_category_density_500m,nearest_neighbor_dist_m,rating,review_log,price_level
148,Asia Sunrise Persada,computer store,Retail,Indonesia.Batam.Toko Komputer.202410170720.db,places,1.1119191,104.0595184,395362.7921347447,122917.29052246302,-1,0.0,0,1,0,686.6074425170827,4.0,1.0986122886681098,0
273,Ben's Com,computer store,Retail,Indonesia.Batam.Toko Komputer.202410170720.db,places,1.1409159,104.0023223,388999.670045002,126124.89849413026,0,67.87960648853016,24,32,16,10.06258693729862,5.0,0.6931471805599453,0
308,PT Dongoran,computer store,Retail,Indonesia.Batam.Toko Komputer.202410170720.db,places,1.155556,104.030833,392172.59111104615,127742.22455194646,-1,0.0,0,6,0,568.158017362994,4.0,1.6094379124341003,0
315,Jaya Makmur Elektronik SERVICE TV LCD LED,electronics repair shop,Retail,Indonesia.Batam.Toko Komputer.202410170720.db,places,1.1579362,104.0257743,391609.8070737829,128005.54003631696,-1,0.0,1,5,0,314.9032032667597,3.7,1.3862943611198906,0
342,Putra jaya computer,electronics store,Retail,Indonesia.Batam.Toko Komputer.202410170720.db,places,1.1500445,104.0241022,391423.4555605204,127133.20321704335,-1,0.0,2,8,0,66.42834815102245,4.0,0.6931471805599453,0
353,Multi net,print shop,Retail,Indonesia.Batam.Toko Komputer.202410170720.db,places,1.1498398,104.0246635,391485.90307620727,127110.55298034231,-1,0.0,2,8,0,66.42834815102245,5.0,0.6931471805599453,0
427,Acosys Batam,software company,Retail,Indonesia.Batam.Toko Komputer.202410170720.db,places,1.059994,103.920143,379852.2212569972,117182.26704168443,-1,0.0,0,0,0,1961.611276207176,5.0,0.6931471805599453,0
443,Service Raja Komputer,computer store,Retail,Indonesia.Batam.Toko Komputer.202410170720.db,places,1.0420037,104.0032855,389103.22163370164,115190.387071404,-1,0.0,0,1,0,546.3930071186954,3.0,0.6931471805599453,0
450,Ink Shop Accesories,shop,Retail,Indonesia.Batam.Toko Komputer.202410170720.db,places,1.0424076,103.9811869,386644.23641982005,115235.82402333173,-1,0.0,4,8,0,204.2981212181473,4.4,2.1972245773362196,0
482,UNIVERSAL Homeware Dapur 12,homewares store,Retail,Indonesia.Batam.Toko Komputer.202410170720.db,places,1.0333079,103.9595639,384237.81164979056,114230.65028448438,-1,0.0,0,1,0,818.1718656087047,5.0,1.0986122886681098,0
489,Megatron Computer,electronics store,Retail,Indonesia.Batam.Toko Komputer.202410170720.db,places,1.0341779,104.0580575,395197.59279044706,114323.4053134944,-1,0.0,1,2,0,297.86228399660945,5.0,0.6931471805599453,0
491,AKBARY COMP (Servis Komputer Akbary Comp),computer repair service,Retail,Indonesia.Batam.Toko Komputer.202410170720.db,places,1.0320892,104.0563664,395009.35194686893,114092.56483819452,-1,0.0,1,2,0,297.86228399660945,4.8,1.9459101490553132,0
798,Green computer batam,electronics store,Retail,Indonesia.Batam.Toko Komputer.202410170720.db,places,1.0483105,103.9631155,384633.56255764706,115889.03786285403,-1,0.0,2,7,0,230.05361961431674,3.4,2.3978952727983707,0
1090,Next Computer,computer store,Retail,Indonesia.Batam.Toko Komputer.202410170720.db,places,1.1001159,104.037376,392898.59324660536,121613.28624885158,-1,0.0,4,5,2,3.7389466763553174,5.0,0.6931471805599453,0
1108,DS Computer Service n Sell,electronics store,Retail,Indonesia.Batam.Toko Komputer.202410170720.db,places,1.0440046,103.9742638,385873.92955201224,115412.61963696894,-1,0.0,1,9,0,405.791946509802,5.0,0.6931471805599453,0
1156,Komp Nagoya Hill City,electronics store,Retail,Indonesia.Batam.Toko Komputer.202410170720.db,places,1.1475059,104.0143906,390342.75781666243,126852.9400286756,1,304.713153137609,15,33,1,111.80600006593605,2.3,4.394449154672439,0
1172,Computer Part,computer store,Retail,Indonesia.Batam.Toko Komputer.202410170720.db,places,1.0714991,104.1202012,402113.55540733796,118447.03831342795,-1,0.0,1,1,0,159.8113225065067,5.0,1.3862943611198906,0
1184,SDS Computer,shop,Retail,Indonesia.Batam.Toko Komputer.202410170720.db,places,1.0324235,104.0675108,396249.42284886306,114129.15434573873,-1,0.0,0,0,0,1069.6167118465494,5.0,1.0986122886681098,0
1269,Brother Com,used computer store,Retail,Indonesia.Batam.Toko Komputer.202410170720.db,places,1.1001155,104.0374096,392902.3319173397,121613.24082431171,-1,0.0,4,5,0,3.7389466763553174,3.0,1.0986122886681098,0
1270,Media Telematika,computer accessories store,Retail,Indonesia.Batam.Toko Komputer.202410170720.db,places,1.1000243,104.0371465,392873.05342452874,121603.16845986748,-1,0.0,4,5,0,17.591258229728574,5.0,0.6931471805599453,0
1437,Pro Computer,electronics store,Retail,Indonesia.Batam.Toko Komputer.202410170720.db,places,1.1466297,104.0098072,389832.7319799216,126756.25477935601,1,299.3768493508915,20,37,2,36.7544045449615,4.9,2.1972245773362196,0
1439,CV Teknologi Batam Solusindo,electronics store,Retail,Indonesia.Batam.Toko Komputer.202410170720.db,places,1.146174,104.0117859,390052.88357688376,126705.80242392652,1,80.8537844100976,20,34,2,12.662705596445507,5.0,2.5649493574615367,0
1455,Edukits,stationery store,Retail,Indonesia.Batam.Toko Komputer.202410170720.db,places,1.1455173,104.0070705,389528.1778605487,126633.38755406416,1,585.5902817307775,12,55,0,181.56803258905867,4.5,5.480638923341991,0
1461,Cetak Extra Printing & Marketing Solution,printing equipment and supplies,Retail,Indonesia.Batam.Toko Komputer.202410170720.db,places,1.1497692,104.0164284,390569.58855041297,127103.06273523756,1,641.3089482972047,5,33,0,337.658925710085,5.0,1.0986122886681098,0
1463,Laptop seken,electronics store,Retail,Indonesia.Batam.Toko Komputer.202410170720.db,places,1.1359571,104.0259835,391632.2575960476,125575.8181673785,-1,0.0,2,7,0,115.66931130597807,5.0,1.0986122886681098,0
1465,GO SHOP,electronics store,Retail,Indonesia.Batam.Toko Komputer.202410170720.db,places,1.1240001,104.0158494,390504.19273507677,124254.3911396595,-1,0.0,1,1,0,395.069654110534,4.8,1.6094379124341003,0
1468,Webden Digital Action (Webden Digital Studio),website designer,Retail,Indonesia.Batam.Toko Komputer.202410170720.db,places,1.1485218,104.0134308,390236.00022008043,126965.28151471452,1,336.1558156593027,20,33,0,111.66527865656046,5.0,3.091042453358316,0
1471,PT  Golden Batam Raya,electrical supply store,Retail,Indonesia.Batam.Toko Komputer.202410170720.db,places,1.1476646,104.0094117,389788.7644752861,126870.67520770487,1,391.3275720578477,20,35,0,70.41683507116016,4.9,5.926926025970411,0
1531,Komputer World,hotel,Retail,Indonesia.Batam.Toko Komputer.202410170720.db,places,1.14634,104.01732,390668.665874754,126723.94132704365,1,559.8106213564598,14,31,0,18.06377570984139,5.0,0.6931471805599453,0
1534,WIN NET,internet cafe,Retail,Indonesia.Batam.Toko Komputer.202410170720.db,places,1.1420307,104.0129581,390183.15609025006,126247.72810593883,1,410.48621451623353,15,36,0,237.39555916589273,3.5,3.2188758248682006,0
1536,Duta Computer  PT,permanently closed,Retail,Indonesia.Batam.Toko Komputer.202410170720.db,places,1.048792,103.986225,387205.0752821782,115941.42463176514,-1,0.0,0,6,0,668.4376853970518,3.0,0.6931471805599453,0
1750,Berca Hardayaperkasa  PT,computer store,Retail,Indonesia.Batam.Toko Komputer.202410170720.db,places,1.1465931,104.0105852,389919.29827731644,126752.17882717134,1,218.36930971976741,21,35,11,56.8691329862804,5.0,0.6931471805599453,0
1752,Lenovo Legion Exclusive Reseller Store - Crystal Computer,computer store,Retail,Indonesia.Batam.Toko Komputer.202410170720.db,places,1.1429248,104.0149327,390402.9028939732,126346.49273807052,1,421.0288967969069,16,32,11,6.2652598674103395,5.0,0.6931471805599453,0
1778,Lenovo Excellindo Computer,computer store,Retail,Indonesia.Batam.Toko Komputer.202410170720.db,places,1.1469481,104.0097121,389822.1624229117,126791.45663609779,1,322.8525786838529,20,37,11,7.397332311942745,5.0,0.6931471805599453,0
1782,RED COM,computer store,Retail,Indonesia.Batam.Toko Komputer.202410170720.db,places,1.1320235,104.010409,389899.1394130048,125141.55899620976,-1,0.0,3,7,2,55.094730592831795,5.0,1.0986122886681098,0
1784,Data Sky,computer store,Retail,Indonesia.Batam.Toko Komputer.202410170720.db,places,1.1410791,104.0025315,389022.95398711244,126142.93174895142,0,76.0529197133158,24,32,16,19.928280112538662,3.0,1.0986122886681098,0
1788,Shil Print,computer store,Retail,Indonesia.Batam.Toko Komputer.202410170720.db,places,1.1421582,104.0075375,389580.0123815216,126262.03055194607,0,576.6129657767237,5,56,3,369.91578107560406,5.0,1.3862943611198906,0
1790,INFORMA - NAGOYA BATAM,furniture store,Retail,Indonesia.Batam.Toko Komputer.202410170720.db,places,1.1454716,104.0132025,390210.4811654568,126628.09987550849,1,99.9788742207464,27,33,0,51.14750862777247,4.8,6.259581464064923,0
1792,Suntoyo Indonesia,software company,Retail,Indonesia.Batam.Toko Komputer.202410170720.db,places,1.1419634,104.0175287,390691.72210301715,126240.11407277785,1,710.1002721501217,8,24,0,272.3766742141463,4.8,2.6390573296152584,0
1814,FA Tech (F A Tech),computer store,Retail,Indonesia.Batam.Toko Komputer.202410170720.db,places,1.1485821,104.0426407,393486.1548166778,126970.84218711003,-1,0.0,1,3,0,240.3907042640842,5.0,0.6931471805599453,0
1864,Mitra Securindo indonesia,computer accessories store,Retail,Indonesia.Batam.Toko Komputer.202410170720.db,places,1.1020246,104.0615902,395592.97353145736,121823.42594657556,-1,0.0,8,10,0,60.08791323688062,5.0,0.6931471805599453,0
1948,KEMBAR KOMPUTER,used computer store,Retail,Indonesia.Batam.Toko Komputer.202410170720.db,places,1.0701745,104.1196258,402049.4892655839,118300.63070337291,-1,0.0,1,1,0,159.8113225065067,3.0,0.6931471805599453,0
1956,Komplek Pantai Permata,corporate office,Retail,Indonesia.Batam.Toko Komputer.202410170720.db,places,1.1269323,104.0040186,389187.88549826597,124578.98412911691,-1,0.0,1,4,0,95.2640548198998,4.5,1.0986122886681098,0
1958,Botania Elektronik,electronics store,Retail,Indonesia.Batam.Toko Komputer.202410170720.db,places,1.126402,104.097798,399622.602976571,124516.9626952595,-1,0.0,4,6,1,95.49386790525645,4.0,3.871201010907891,0
2084,Galaxy Batam pt,electronic parts supplier,Retail,Indonesia.Batam.Toko Komputer.202410170720.db,places,1.0782,104.025,391520.72466855444,119191.00624315078,-1,0.0,0,0,0,1755.7771151046625,5.0,0.6931471805599453,0
2108,Gold Hill Collection,luggage store,Retail,Indonesia.Batam.Toko Komputer.202410170720.db,places,1.1478188,104.0077947,389608.8475337174,126887.7839423907,1,556.876830472953,12,41,0,123.91563074673947,4.3,6.492239835020471,0
2144,Komputer Batam,electronics store,Retail,Indonesia.Batam.Toko Komputer.202410170720.db,places,1.0466973,103.9783461,386328.28221906704,115710.14460148159,-1,0.0,1,12,0,446.66729820618923,4.0,0.6931471805599453,0
2146,The Home Furniture & Elektronik (PUSAT),shopping mall,Retail,Indonesia.Batam.Toko Komputer.202410170720.db,places,1.0449822,103.9660102,384955.5482542357,115520.99269073203,-1,0.0,2,6,0,330.1040428795101,4.3,3.2188758248682006,0
2213,Rumah tia abi,computer store,Retail,Indonesia.Batam.Toko Komputer.202410170720.db,places,1.15363,104.0355671,392699.27470769896,127529.13320601542,-1,0.0,0,2,0,568.158017362994,5.0,0.6931471805599453,0
2247,PC Centre,computer store,Retail,Indonesia.Batam.Toko Komputer.202410170720.db,places,1.1400665,104.0021899,388984.9053427049,126031.0046848631,0,63.96735674108161,24,30,16,15.502456524237788,3.5,1.0986122886681098,0
2273,Perumahan Permata Laguna Batam,apartment complex,Retail,Indonesia.Batam.Toko Komputer.202410170720.db,places,1.0570325,103.941115,382185.7802373525,116854.06909400872,-1,0.0,1,1,0,441.06118709556716,4.2,3.828641396489095,0
2306,Media Shop,computer store,Retail,Indonesia.Batam.Toko Komputer.202410170720.db,places,1.1062655,104.0300388,392082.4008726835,122293.36672619282,-1,0.0,0,4,0,702.3546217753109,5.0,0.6931471805599453,0
2396,STUXNET,computer store,Retail,Indonesia.Batam.Toko Komputer.202410170720.db,places,1.1024242,104.0657729,396058.39417885715,121867.45353419405,-1,0.0,4,10,0,148.42176114164192,5.0,0.6931471805599453,0
2438,Winner Millenium Mansion,housing complex,Retail,Indonesia.Batam.Toko Komputer.202410170720.db,places,1.1381601,104.045066,393755.6307243131,125818.64219775722,-1,0.0,0,2,0,950.6148638951571,3.9,4.04305126783455,0
2444,Superior computerized batam,electronics store,Retail,Indonesia.Batam.Toko Komputer.202410170720.db,places,1.1389018,104.0023121,388998.45795339945,125902.2454819191,0,170.34300150209654,24,29,3,93.85048185860437,4.8,2.302585092994046,0
2447,Bone Cell Servics Hp Dan Laptop Punggur,electronics store,Retail,Indonesia.Batam.Toko Komputer.202410170720.db,places,1.0581946,104.1117697,401174.9674269299,116976.57912490315,-1,0.0,0,0,0,1586.789535108881,5.0,0.6931471805599453,0
2464,Toko Paste Computer,computer store,Retail,Indonesia.Batam.Toko Komputer.202410170720.db,places,1.039654,104.0545425,394806.65199582034,114928.88008850931,-1,0.0,0,2,0,720.7179809625437,4.7,1.3862943611198906,0
2466,KINGDOM COMPUTER,electronics store,Retail,Indonesia.Batam.Toko Komputer.202410170720.db,places,1.1404596,104.0023954,389007.7863971037,126074.45292174158,0,29.841720749824663,24,31,3,9.97276758716223,5.0,1.3862943611198906,0
2478,bakhas Komputer,electronics store,Retail,Indonesia.Batam.Toko Komputer.202410170720.db,places,1.0390893,103.9813612,386663.51307132666,114868.9863574844,-1,0.0,3,6,0,310.1683759124115,4.8,2.5649493574615367,0
2492,Fit Com,computer store,Retail,Indonesia.Batam.Toko Komputer.202410170720.db,places,1.0492139,103.9696649,385362.37781410175,115988.66672799388,-1,0.0,2,11,2,359.99695929519993,4.0,1.0986122886681098,0
2616,Brain Computer,computer store,Retail,Indonesia.Batam.Toko Komputer.202410170720.db,places,1.1154889,104.0936139,399156.67506607925,123310.725221091,-1,0.0,1,3,1,340.64425590489674,5.0,0.6931471805599453,0
2649,Adagang com | Batam Online,camera store,Retail,Indonesia.Batam.Toko Komputer.202410170720.db,places,1.101367,104.058401,395238.08960597496,121750.84322495143,-1,0.0,7,10,0,54.487333635984044,4.1,3.871201010907891,0
2681,Acer,computer store,Retail,Indonesia.Batam.Toko Komputer.202410170720.db,places,1.1426428,104.0151757,390429.93069736264,126315.30923606243,1,462.2591332748659,15,31,10,3.8375530746131226,3.7,3.1780538303479458,0
2685,Find-Zone Tech,computer store,Retail,Indonesia.Batam.Toko Komputer.202410170720.db,places,1.1557757,104.0239298,391404.4899839051,127766.77462837062,-1,0.0,2,5,1,265.4213988993053,5.0,0.6931471805599453,0
2701,IPC INDEPENDENT COMP,used computer store,Retail,Indonesia.Batam.Toko Komputer.202410170720.db,places,1.101527,104.0578497,395176.7522297373,121768.54988813357,-1,0.0,7,9,1,27.16959592131754,5.0,3.1354942159291497,0
2728,Komputernya Batam Batu Ampar,computer service,Retail,Indonesia.Batam.Toko Komputer.202410170720.db,places,1.1820419,104.0219718,391187.63698600605,130670.49151919503,-1,0.0,2,3,0,274.3778396637431,4.9,2.772588722239781,0
2733,FLASH KOMPUTER,electronics store,Retail,Indonesia.Batam.Toko Komputer.202410170720.db,places,1.1403107,104.0024206,389010.5846975051,126057.99145088533,0,28.27598954112453,24,31,3,11.892904417496862,2.3,1.3862943611198906,0
2735,Komputernya Batam,computer service,Retail,Indonesia.Batam.Toko Komputer.202410170720.db,places,1.1501727,104.0441139,393650.1342064435,127146.62173776553,-1,0.0,1,2,0,240.3907042640842,5.0,3.58351893845611,0
2757,GUDANG LAPTOP BATAM,wholesaler,Retail,Indonesia.Batam.Toko Komputer.202410170720.db,places,1.1395207,104.0038346,389167.8902881817,125970.60460665141,0,163.28908366774837,24,31,0,58.62323704753063,3.2,2.4849066497880004,0
2759,Top 100 Jodoh Supermarket,supermarket,Retail,Indonesia.Batam.Toko Komputer.202410170720.db,places,1.1471646,104.0036379,389146.2967171927,126815.62469678122,1,980.8682135652084,3,43,0,363.02055200226397,4.3,7.293017679772782,0
2801,Bintang Computer,computer store,Retail,Indonesia.Batam.Toko Komputer.202410170720.db,places,1.1067792,104.0890555,398649.1737269871,122348.07223853603,-1,0.0,0,3,0,547.2618866120093,5.0,1.3862943611198906,0
2816,Hafidz Computer,computer store,Retail,Indonesia.Batam.Toko Komputer.202410170720.db,places,0.837166,104.053115,394641.7521034941,92544.78357119006,-1,0.0,0,0,0,20934.917376639864,4.1,2.4849066497880004,0
2888,Selatindo computer,computer store,Retail,Indonesia.Batam.Toko Komputer.202410170720.db,places,1.1378329,104.0291199,391981.3125459545,125783.06375756934,-1,0.0,3,7,1,361.2413913985891,5.0,1.0986122886681098,0
2952,Legenda Komputer,computer store,Retail,Indonesia.Batam.Toko Komputer.202410170720.db,places,1.1012908,104.0579172,395184.2546791198,121742.43666933943,-1,0.0,7,9,2,27.16959592131754,5.0,1.0986122886681098,0
2962,PT Securesoft Indonesia,computer store,Retail,Indonesia.Batam.Toko Komputer.202410170720.db,places,1.133554,104.0113848,390007.77446619666,125310.71419651719,-1,0.0,3,6,2,28.920096853006733,4.6,2.833213344056216,0
2978,Global komputer,computer store,Retail,Indonesia.Batam.Toko Komputer.202410170720.db,places,1.1661422,104.0351326,392651.4001281715,128912.32661149558,-1,0.0,0,0,0,1264.2772261816685,5.0,1.0986122886681098,0
2998,Star Computer,computer store,Retail,Indonesia.Batam.Toko Komputer.202410170720.db,places,1.0665312,103.9613636,384439.2941116602,117903.37711818506,-1,0.0,1,1,1,92.04164528304757,5.0,0.6931471805599453,0
3028,Good Luck Technology,electronics store,Retail,Indonesia.Batam.Toko Komputer.202410170720.db,places,1.1260397,104.0985841,399710.0579478119,124476.88545263046,-1,0.0,4,6,1,81.26525400607184,5.0,1.6094379124341003,0
3044,7g Solution,computer store,Retail,Indonesia.Batam.Toko Komputer.202410170720.db,places,1.1255685,104.0980235,399647.665286825,124424.81629320147,-1,0.0,4,6,2,81.26525400607184,3.7,2.5649493574615367,0
3046,IT Centre Botania,computer store,Retail,Indonesia.Batam.Toko Komputer.202410170720.db,places,1.1279244,104.0979503,399639.6011384155,124685.25002658746,-1,0.0,4,5,2,75.74568496225058,4.2,2.8903717578961645,0
3048,GLORY COMPUTER,computer store,Retail,Indonesia.Batam.Toko Komputer.202410170720.db,places,1.1029549,104.0921788,398996.5692759764,121925.21067125832,-1,0.0,0,1,0,547.2618866120093,5.0,1.9459101490553132,0
3056,Gudang Computer Batam,computer store,Retail,Indonesia.Batam.Toko Komputer.202410170720.db,places,1.139728,104.0021181,388976.90318610705,125993.58717531299,0,95.76562451103878,24,30,16,30.652391255070718,5.0,0.6931471805599453,0
3073,nidipedia,used computer store,Retail,Indonesia.Batam.Toko Komputer.202410170720.db,places,1.0328849,103.9742514,385872.15086272155,114183.35689415559,-1,0.0,0,1,0,917.9850296995553,5.0,0.6931471805599453,0
3092,CV  Bintang Alam Makmur,computer store,Retail,Indonesia.Batam.Toko Komputer.202410170720.db,places,1.0511182,103.9806802,386588.16668605874,116198.78182185882,-1,0.0,2,7,2,114.46510855798078,3.0,1.0986122886681098,0
3094,Sudirman Comp,computer store,Retail,Indonesia.Batam.Toko Komputer.202410170720.db,places,1.0482806,103.9727644,385707.2391956742,115885.3785960438,-1,0.0,2,14,2,359.99695929519993,5.0,1.0986122886681098,0
3121,CV  Omega Com,computer store,Retail,Indonesia.Batam.Toko Komputer.202410170720.db,places,1.1314937,104.0301086,392091.08949535456,125082.25092895816,-1,0.0,3,10,3,168.1941525142234,5.0,1.0986122886681098,0
3139,Lenovo Service Centre Duta Computer,computer repair service,Retail,Indonesia.Batam.Toko Komputer.202410170720.db,places,1.1369694,104.0257205,391603.03148440603,125687.7343144544,-1,0.0,2,6,0,115.66931130597807,4.0,3.6375861597263857,0
3148,Laptop N Part,computer store,Retail,Indonesia.Batam.Toko Komputer.202410170720.db,places,1.1475127,104.0133858,390230.9546094563,126853.73028759945,1,233.23021083991497,20,33,11,111.66527865656046,4.6,1.791759469228055,0
3158,D'Laptop,used computer store,Retail,Indonesia.Batam.Toko Komputer.202410170720.db,places,1.146208,104.0125057,390132.97664710775,126709.53339721363,1,60.51082849177698,25,34,0,48.26901067509175,4.1,2.5649493574615367,0
3190,Dion Computer Batam,electronics store,Retail,Indonesia.Batam.Toko Komputer.202410170720.db,places,1.1019134,104.0621188,395651.7867312873,121811.11477916848,-1,0.0,8,10,0,60.08791323688062,4.6,2.6390573296152584,0
3194,Iswara Computer,electronics store,Retail,Indonesia.Batam.Toko Komputer.202410170720.db,places,1.1028763,104.0670289,396198.1641612216,121917.38720229716,-1,0.0,2,8,0,148.42176114164192,4.6,3.1354942159291497,0
3206,BTS KOMPUTER - LAPTOP & ATK,computer store,Retail,Indonesia.Batam.Toko Komputer.202410170720.db,places,1.1140418,104.090911,398855.87923329923,123150.849093845,-1,0.0,1,5,1,340.64425590489674,5.0,1.3862943611198906,0
3208,Oliser Indonesia,computer store,Retail,Indonesia.Batam.Toko Komputer.202410170720.db,places,1.1276084,104.0355443,392695.7738060275,124652.54402384868,-1,0.0,1,9,1,324.42331841830384,4.4,1.791759469228055,0
3240,Toko Bintang Pratama,computer accessories store,Retail,Indonesia.Batam.Toko Komputer.202410170720.db,places,1.1024905,104.0688025,396395.4980486211,121874.67708687302,-1,0.0,2,5,0,201.9029892689831,5.0,1.6094379124341003,0
3242,Data Computer,computer store,Retail,Indonesia.Batam.Toko Komputer.202410170720.db,places,1.1219505,104.0330759,392420.90906130255,124027.17516964966,-1,0.0,0,6,0,533.1527833929932,1.0,0.6931471805599453,0
3244,Batam Computer Centre,computer store,Retail,Indonesia.Batam.Toko Komputer.202410170720.db,places,1.1455387,104.0124784,390129.91348583234,126635.54533302505,1,23.447661344862595,25,34,17,25.799959849895046,3.0,1.0986122886681098,0
3246,Genka Sukses,security system supplier,Retail,Indonesia.Batam.Toko Komputer.202410170720.db,places,1.1188431,104.039465,393131.70908943715,123683.43006644846,-1,0.0,1,2,0,263.2018886655475,2.0,1.0986122886681098,0
3251,PT  Tugu Sena Sinergi,automation company,Retail,Indonesia.Batam.Toko Komputer.202410170720.db,places,1.0912463,104.0339994,392522.5613288099,120632.90658093196,-1,0.0,0,0,0,1031.626300012209,5.0,1.791759469228055,0
3252,Toko Hafiz Elektronik dan Furniture Seken Batam,electronics store,Retail,Indonesia.Batam.Toko Komputer.202410170720.db,places,1.1188441,104.0970192,399535.68985718564,123681.50690290112,-1,0.0,1,6,0,412.0173030700836,4.1,2.0794415416798357,0
3254,IBK COMPUTERIZER BATAM - SEI PANAS - BATAM KOTA,computer store,Retail,Indonesia.Batam.Toko Komputer.202410170720.db,places,1.1364459,104.0320595,392308.34804357507,125629.62606286675,-1,0.0,3,10,2,229.91845311504773,5.0,3.8918202981106265,0
3255,ZR Computer,permanently closed,Retail,Indonesia.Batam.Toko Komputer.202410170720.db,places,1.1084017,103.9727032,385702.6720876141,122531.66714034304,-1,0.0,0,1,0,637.1578819657589,5.0,1.0986122886681098,0
3269,Toko Fit SOLUTION (batamit) - Aksesoris & Perlengkapan Komputer - Printer - CCTV - Networking - Sungai Panas - Batam,computer store,Retail,Indonesia.Batam.Toko Komputer.202410170720.db,places,1.1279005,104.0302316,392104.64307330776,124685.03100775508,-1,0.0,2,7,2,368.72661295079985,4.6,2.995732273553991,0
3275,Batam Computer Service,computer support and services,Retail,Indonesia.Batam.Toko Komputer.202410170720.db,places,1.1447605,104.0395898,393146.54424001573,126548.49305519639,-1,0.0,0,3,0,541.9539952882903,4.9,6.236369590203704,0
3283,Yes Computer   Pusat Service Laptop,computer service,Retail,Indonesia.Batam.Toko Komputer.202410170720.db,places,1.1399,104.0042028,389208.874404206,126012.52102533955,0,180.69867279958433,25,35,0,58.62323704753063,4.8,3.4965075614664802,0
3287,Indonesia,convenience store,Retail,Indonesia.Batam.Toko Komputer.202410170720.db,places,1.1202913,104.0936068,399156.0489238651,123841.60381035606,-1,0.0,1,7,0,412.0173030700836,5.0,1.3862943611198906,0
3289,Ady computer batam,computer wholesaler,Retail,Indonesia.Batam.Toko Komputer.202410170720.db,places,1.1778214,104.0188239,390837.2125346721,130204.05221004087,-1,0.0,1,3,0,395.20749367579526,4.8,1.9459101490553132,0
3291,Cech Computer,computer store,Retail,Indonesia.Batam.Toko Komputer.202410170720.db,places,1.1813359,104.0194747,390909.76264242217,130592.54345179924,-1,0.0,3,3,0,288.60015944713683,5.0,0.6931471805599453,0
3305,Aldo Computer,electronics store,Retail,Indonesia.Batam.Toko Komputer.202410170720.db,places,1.1843936,104.0211833,391099.99407610693,130930.49521002067,-1,0.0,2,3,0,274.3778396637431,1.0,0.6931471805599453,0
3321,SM LAPTOP,computer store,Retail,Indonesia.Batam.Toko Komputer.202410170720.db,places,1.1517023,104.0029218,389066.79158536263,127317.28307272073,-1,0.0,0,9,0,507.91947406807054,4.5,2.1972245773362196,0
3335,Pacific Computer,computer consultant,Retail,Indonesia.Batam.Toko Komputer.202410170720.db,places,1.1634376,104.0175095,390690.40471636684,128614.01983994117,-1,0.0,0,0,0,1102.5191001704945,4.2,2.833213344056216,0
3357,TBS Group (ITSHOP),computer store,Retail,Indonesia.Batam.Toko Komputer.202410170720.db,places,1.1461733,104.0118997,390065.5460185786,126705.72067218288,1,71.79643654794442,22,34,13,12.662705596445507,4.2,9.111845125227083,0
3362,Raja Komputer,computer store,Retail,Indonesia.Batam.Toko Komputer.202410170720.db,places,1.1461962,104.0172429,390660.0815562161,126708.04763432813,1,549.4574155488846,15,31,9,18.06377570984139,3.7,1.3862943611198906,0
3371,ASUS Store Batam,computer store,Retail,Indonesia.Batam.Toko Komputer.202410170720.db,places,1.1426762,104.0151851,390430.97789653717,126319.00114444284,1,460.2967465101662,15,32,10,0.0,5.0,7.1180162044653335,0
3373,Batam IT Programming,computer software store,Retail,Indonesia.Batam.Toko Komputer.202410170720.db,places,1.0995936,104.0298085,392056.5348790743,121555.82057536664,-1,0.0,0,6,0,737.9995760323336,4.3,1.3862943611198906,0
3377,Laptop Shop,computer store,Retail,Indonesia.Batam.Toko Komputer.202410170720.db,places,1.1457715,104.0124948,390131.7471749489,126661.28004717694,1,20.389281644756018,25,34,17,25.799959849895046,4.5,3.713572066704308,0
3399,APPLEBTH SERVIS HP IPHONE BATAM,electronics store,Retail,Indonesia.Batam.Toko Komputer.202410170720.db,places,1.1104735,103.9620228,384514.3180397705,122761.11633681397,-1,0.0,2,6,0,184.50111005995407,4.8,5.493061443340548,0
3411,iFive ID,electronics store,Retail,Indonesia.Batam.Toko Komputer.202410170720.db,places,1.1053941,103.9638922,384722.1345608864,122199.52257895753,-1,0.0,2,9,0,45.42668898169368,4.6,2.5649493574615367,0
3441,SNC COMPUTER,computer store,Retail,Indonesia.Batam.Toko Komputer.202410170720.db,places,1.1403187,104.001987,388962.33831215533,126058.89255231491,0,75.19874367016979,24,30,16,9.33204232528137,4.5,2.4849066497880004,0
3443,Toko A8 Elektronik & Furniture,electronics store,Retail,Indonesia.Batam.Toko Komputer.202410170720.db,places,1.1071876,103.9538061,383599.8951283324,122398.18568585129,-1,0.0,1,4,0,401.73729796239894,4.8,3.295836866004329,0
3451,OMEGA JAYA BATAM,computer store,Retail,Indonesia.Batam.Toko Komputer.202410170720.db,places,1.0463597,103.932776,381257.4510657249,115674.51175614695,-1,0.0,0,1,0,537.135996590085,5.0,1.6094379124341003,0
3452,Intel Computer,computer store,Retail,Indonesia.Batam.Toko Komputer.202410170720.db,places,1.1410015,104.0022874,388995.79000279686,126134.36269348468,0,77.94384362745454,24,32,16,10.22867522869038,5.0,0.6931471805599453,0
3453,TOKO JET ELEKTRONIK & FURNITURE,electronics store,Retail,Indonesia.Batam.Toko Komputer.202410170720.db,places,1.1128934,103.9813445,386664.37901530426,123027.88363976587,-1,0.0,3,5,0,309.8810403801703,4.6,2.3978952727983707,0
3456,HS Computer,computer store,Retail,Indonesia.Batam.Toko Komputer.202410170720.db,places,1.0503686,103.9766698,386141.88569516665,116116.06086275313,-1,0.0,5,8,3,340.45504034830464,4.3,1.6094379124341003,0
3458,VC COMPUTER,computer store,Retail,Indonesia.Batam.Toko Komputer.202410170720.db,places,1.1405498,104.0023969,389007.9567582078,126084.42423411467,0,33.24371499006803,24,31,16,9.97276758716223,5.0,0.6931471805599453,0
3486,Net Computer,computer store,Retail,Indonesia.Batam.Toko Komputer.202410170720.db,places,1.1374082,104.001248,388879.99824864813,125737.17292269834,0,366.337308780505,23,27,15,203.178865676187,5.0,1.3862943611198906,0
3500,QNet Batam - Jasa Pemasangan dan Penjualan - cctv murah batam,security system supplier,Retail,Indonesia.Batam.Toko Komputer.202410170720.db,places,1.1242381,103.9815722,386690.1508249418,124282.00920192705,-1,0.0,0,4,0,791.0820180116248,4.7,3.295836866004329,0
3506,Excelindo Perkasa,computer store,Retail,Indonesia.Batam.Toko Komputer.202410170720.db,places,1.1469651,104.0096478,389815.00844197616,126793.33841241489,1,330.1216964938708,20,37,11,7.397332311942745,5.0,1.9459101490553132,0
3526,DYNOTECH COMPUTER BATAM,computer store,Retail,Indonesia.Batam.Toko Komputer.202410170720.db,places,1.0658074,103.9617724,384484.7560229039,117823.34662966673,-1,0.0,1,1,1,92.04164528304757,5.0,0.6931471805599453,0
3546,NewT Komputer,computer store,Retail,Indonesia.Batam.Toko Komputer.202410170720.db,places,1.1309702,104.0315279,392248.9948747319,125024.32715056217,-1,0.0,3,11,3,168.1941525142234,5.0,2.6390573296152584,0
3562,Z Com Service Komputer  Laptop  Printer  TV led  Recovery Data Dan Perangkat Elektronika Lainnya,computer service,Retail,Indonesia.Batam.Toko Komputer.202410170720.db,places,1.1136821,103.9534926,383565.26520846447,123116.15856152374,-1,0.0,0,2,0,574.1816292882226,4.4,2.302585092994046,0
3626,IT Mart (Komputer Mart),computer store,Retail,Indonesia.Batam.Toko Komputer.202410170720.db,places,1.1458939,104.0129474,390182.1124033434,126674.79364493256,1,72.25358553348505,27,33,18,23.99226867251842,5.0,2.0794415416798357,0
3632,Wijaya Computer,used computer store,Retail,Indonesia.Batam.Toko Komputer.202410170720.db,places,1.1019097,104.0582849,395225.1901579391,121810.84033670717,-1,0.0,7,10,1,61.36814465715249,4.6,2.3978952727983707,0
3634,PT  TOP COMPUTER,computer store,Retail,Indonesia.Batam.Toko Komputer.202410170720.db,places,1.127138,104.00485,389280.40354558843,124601.6920805958,-1,0.0,1,5,0,95.2640548198998,4.6,2.8903717578961645,0
3637,Aika Komputer,computer store,Retail,Indonesia.Batam.Toko Komputer.202410170720.db,places,1.0591427,103.9377511,381811.5410225031,117087.47856432019,-1,0.0,1,1,0,441.06118709556716,5.0,1.6094379124341003,0
3638,BSP,computer store,Retail,Indonesia.Batam.Toko Komputer.202410170720.db,places,1.1408254,104.002332,389000.74589529436,126114.89358523417,0,59.10776570267946,24,32,16,10.06258693729862,5.0,2.4849066497880004,0
3642,PT KARYA MURA NIAGA,computer store,Retail,Indonesia.Batam.Toko Komputer.202410170720.db,places,1.12965,104.0376388,392928.9021999139,124878.15794517774,-1,0.0,3,9,3,279.6211642476858,4.8,2.6390573296152584,0
3644,Seven Star Computer,used computer store,Retail,Indonesia.Batam.Toko Komputer.202410170720.db,places,1.1361219,104.0341006,392535.44755094073,125593.73304353029,-1,0.0,2,10,0,229.91845311504773,4.3,2.8903717578961645,0
3650,PT  Teknologi Marina Komputer,computer store,Retail,Indonesia.Batam.Toko Komputer.202410170720.db,places,1.101338,104.036897,392845.33835599694,121748.40191741659,-1,0.0,4,6,2,132.94838721422283,3.0,1.6094379124341003,0
3652,Warkonet,computer store,Retail,Indonesia.Batam.Toko Komputer.202410170720.db,places,1.102878,104.051836,394507.65677786234,121918.10932716416,-1,0.0,0,6,0,685.6068476341877,4.4,1.791759469228055,0
3660,Kurniawan Service,computer store,Retail,Indonesia.Batam.Toko Komputer.202410170720.db,places,1.1008564,104.0602416,395442.8746923108,121694.33409996702,-1,0.0,7,11,2,172.79386900910507,4.5,2.3978952727983707,0
3666,Grand Barcode Batam,computer software store,Retail,Indonesia.Batam.Toko Komputer.202410170720.db,places,1.1117709,104.0331895,392433.1791445048,122901.85388197117,-1,0.0,1,3,0,490.33468280403315,4.9,2.3978952727983707,0
3694,Toko MD Cell,internet shop,Retail,Indonesia.Batam.Toko Komputer.202410170720.db,places,1.1003006,103.962636,384582.1575303493,121636.49165244,-1,0.0,3,6,0,135.2890065011025,5.0,0.6931471805599453,0
3704,Marketlokal | IT Services and Digital Agency,computer support and services,Retail,Indonesia.Batam.Toko Komputer.202410170720.db,places,1.1272601,103.9636832,384699.73045453534,124616.78764217804,-1,0.0,0,0,0,1377.2778192424798,5.0,0.6931471805599453,0
3720,J k w Computer,electronics store,Retail,Indonesia.Batam.Toko Komputer.202410170720.db,places,1.1036985,103.9863674,387222.93785926304,122011.21454394436,-1,0.0,0,2,0,560.5592990137674,3.5,2.1972245773362196,0
3732,Teknody,computer store,Retail,Indonesia.Batam.Toko Komputer.202410170720.db,places,1.1313593,104.0394912,393135.079841702,125067.0462071792,-1,0.0,1,7,1,279.6211642476858,4.6,2.9444389791664403,0
3736,CV  Prima Computer,computer store,Retail,Indonesia.Batam.Toko Komputer.202410170720.db,places,1.041677,103.985026,387071.40357090696,115154.91980648068,-1,0.0,3,7,1,249.96150908471446,4.7,4.532599493153256,0
3741,Ri computer Batam( Jual Dan Rental Laptop Printer Komputer Batam ),used computer store,Retail,Indonesia.Batam.Toko Komputer.202410170720.db,places,1.1407411,104.0023729,389005.29360830056,126105.57286638391,0,49.00081720033844,24,32,0,0.15684940509467735,5.0,0.6931471805599453,0
3742,JABBAR KOMPUTER BATAM,computer store,Retail,Indonesia.Batam.Toko Komputer.202410170720.db,places,1.1402216,104.0024805,389017.24635985214,126048.13937342634,0,28.112323425072372,24,31,16,11.892904417496862,5.0,1.0986122886681098,0
3743,Nero Com,computer store,Retail,Indonesia.Batam.Toko Komputer.202410170720.db,places,1.1404015,104.0019082,388953.5734055398,126068.04891343498,0,83.38803832840732,24,30,16,12.675272657434103,4.5,1.0986122886681098,0
3750,Gadget Studio,computer store,Retail,Indonesia.Batam.Toko Komputer.202410170720.db,places,1.1247073,104.0487579,394165.9358458066,124331.35585360283,-1,0.0,0,0,0,1220.423209075485,5.0,3.295836866004329,0
3756,DC Komputer,computer store,Retail,Indonesia.Batam.Toko Komputer.202410170720.db,places,1.108084,104.0789844,397528.6208843198,122492.65719893982,-1,0.0,0,1,0,730.3322031692219,3.9,2.0794415416798357,0
3757,Partcom batam,used computer store,Retail,Indonesia.Batam.Toko Komputer.202410170720.db,places,-2.44565,117.8888,1945181.7504626135,-277346.30088331114,-1,0.0,0,0,0,1257824.6415751537,4.0,4.90527477843843,0
3778,Indragiri computer,computer store,Retail,Indonesia.Batam.Toko Komputer.202410170720.db,places,1.1037922,103.9525194,383456.5877356039,122022.87801504841,-1,0.0,1,1,0,401.73729796239894,5.0,0.6931471805599453,0
3780,Micro Batam,computer hardware manufacturer,Retail,Indonesia.Batam.Toko Komputer.202410170720.db,places,1.1399557,104.0022753,388994.40356131806,126018.7527461813,0,65.22428240127405,24,31,0,15.502456524237788,4.9,3.4965075614664802,0
3783,CCTV Batam Fingerprint Acces Door PABX,security system supplier,Retail,Indonesia.Batam.Toko Komputer.202410170720.db,places,1.1218954,103.9748545,385942.5715368759,124023.28933938027,-1,0.0,0,3,0,771.9449980155867,5.0,0.6931471805599453,0
3786,VANFX STORE (VANFX COMP BATAM),computer store,Retail,Indonesia.Batam.Toko Komputer.202410170720.db,places,1.1166972,103.9809255,386617.9016535238,123448.40244024404,-1,0.0,3,6,2,136.53761280725945,4.9,3.6635616461296463,0
3812,Bagus Yahoo computer tiban ( Rental sewa laptop batam),electronics store,Retail,Indonesia.Batam.Toko Komputer.202410170720.db,places,1.0996771,103.9615898,384465.7197881829,121567.60502471555,-1,0.0,3,5,0,0.0,4.6,4.110873864173311,0
3813,Hasanah Computer_Batam [ RENTAL LAPTOP dan PRINTER ],computer store,Retail,Indonesia.Batam.Toko Komputer.202410170720.db,places,1.0996159,103.9615828,384464.93852379604,121560.83971404593,-1,0.0,3,5,1,6.810271837354399,5.0,2.8903717578961645,0
3814,DANI STORE COMPUTER BATAM,computer store,Retail,Indonesia.Batam.Toko Komputer.202410170720.db,places,1.0996771,103.9615898,384465.7197881829,121567.60502471555,-1,0.0,3,5,1,0.0,5.0,1.791759469228055,0
3816,aatechbandung (Tempatnya service dan penjualan PC Laptop  Printer  Wifi daerah tiban dan sekupang),computer service,Retail,Indonesia.Batam.Toko Komputer.202410170720.db,places,-6.907862,107.5831044,785456.6808488041,-764337.6682225162,-1,0.0,0,0,0,941798.1974511286,5.0,1.0986122886681098,0
3818,KereHore Teck,computer store,Retail,Indonesia.Batam.Toko Komputer.202410170720.db,places,1.1159275,103.9784565,386343.14222146134,123363.40889065334,-1,0.0,3,5,2,287.60502252100116,5.0,1.3862943611198906,0
3821,Enter Comp,computer store,Retail,Indonesia.Batam.Toko Komputer.202410170720.db,places,1.1156823,103.9816248,386695.6750775051,123336.18027561813,-1,0.0,3,6,2,136.53761280725945,5.0,1.0986122886681098,0
3824,SUMBER DATA,computer store,Retail,Indonesia.Batam.Toko Komputer.202410170720.db,places,1.1120147,103.9583796,384108.9896468334,122931.63680526591,-1,0.0,1,6,0,439.73666697470907,5.0,0.6931471805599453,0
3826,Kundur Internasional Informatika,computer support and services,Retail,Indonesia.Batam.Toko Komputer.202410170720.db,places,1.107366,103.9670703,385075.8460273766,122417.39003520709,-1,0.0,2,6,0,404.1610376269716,5.0,0.6931471805599453,0
3836,Khanza service elektronik,appliance repair service,Retail,Indonesia.Batam.Toko Komputer.202410170720.db,places,1.111488,103.9633394,384660.85882574134,122873.21654939359,-1,0.0,1,5,0,184.50111005995407,4.9,4.394449154672439,0
3838,Yahoo Computer,computer store,Retail,Indonesia.Batam.Toko Komputer.202410170720.db,places,1.1417966,104.0033404,389112.9877710918,126222.21824942237,0,171.77844652915755,24,38,16,95.93776751972976,4.7,1.9459101490553132,0
3854,Kios Fadil Komputer,used computer store,Retail,Indonesia.Batam.Toko Komputer.202410170720.db,places,1.0504199,103.9497806,383149.7994335361,116122.72464329454,-1,0.0,3,3,1,406.60069867382174,4.5,1.0986122886681098,0
3860,Terabyte PC Builder Batam Komputer,computer store,Retail,Indonesia.Batam.Toko Komputer.202410170720.db,places,1.1537903,104.0225884,391255.1586334096,127547.34658378003,-1,0.0,3,6,1,265.4213988993053,5.0,4.060443010546419,0
3861,Pratama Computer,electronics store,Retail,Indonesia.Batam.Toko Komputer.202410170720.db,places,1.0462372,103.9485221,383009.60430217296,115660.3778219241,-1,0.0,1,3,0,483.13482392524764,4.2,1.791759469228055,0
3864,TOKO JK KOMPUTER,computer store,Retail,Indonesia.Batam.Toko Komputer.202410170720.db,places,1.126063,104.0129501,390181.6640260684,124482.54736566357,-1,0.0,1,7,0,395.069654110534,5.0,2.5649493574615367,0
3872,TOKO FADIL KOMPUTER BATAM,electronics store,Retail,Indonesia.Batam.Toko Komputer.202410170720.db,places,1.102694,103.9395512,382013.5288657254,121901.98395012424,-1,0.0,0,0,0,1448.1140413893465,5.0,0.6931471805599453,0
3877,Max Computer,computer store,Retail,Indonesia.Batam.Toko Komputer.202410170720.db,places,1.1472413,104.0098846,389841.3676314734,126823.86240368102,1,321.6918049531,20,35,11,37.66926875528598,4.2,2.302585092994046,0
3880,MULIA COMPUTER BATAM,computer store,Retail,Indonesia.Batam.Toko Komputer.202410170720.db,places,1.1403533,104.0020635,388970.8517970793,126062.71453980965,0,66.33507243830371,24,30,16,9.33204232528137,4.6,4.07753744390572,0
3884,Kreatif Komputer,computer store,Retail,Indonesia.Batam.Toko Komputer.202410170720.db,places,1.052141,103.98052,386570.37750651594,116311.85616098306,-1,0.0,2,6,2,114.46510855798078,4.7,3.7376696182833684,0
3886,Artecx (Computer & Laptop),electronics store,Retail,Indonesia.Batam.Toko Komputer.202410170720.db,places,1.053035,103.9751388,385971.621570466,116410.88243987817,-1,0.0,1,10,0,340.45504034830464,5.0,2.1972245773362196,0
3887,MITRA COMPUTER  MITRA MALL LT 1 A3A BATU AJI (MY CELLULAR MITRA MALL LT 1 BATU AJI),electronics store,Retail,Indonesia.Batam.Toko Komputer.202410170720.db,places,1.0539375,103.9673125,385100.78825700434,116510.93985206711,-1,0.0,3,8,1,119.4998017030499,5.0,1.6094379124341003,0
3888,UnDhanrated Computer,computer store,Retail,Indonesia.Batam.Toko Komputer.202410170720.db,places,1.0337504,103.9967036,388370.5396140901,114278.23819136537,-1,0.0,0,0,0,1035.7621667977432,5.0,3.970291913552122,0
3890,PGC,computer store,Retail,Indonesia.Batam.Toko Komputer.202410170720.db,places,1.0529392,103.9677244,385146.5856395062,116400.56411939434,-1,0.0,4,9,2,119.4998017030499,2.6,2.8903717578961645,0
3892,AHRAR STORE BATAM,computer store,Retail,Indonesia.Batam.Toko Komputer.202410170720.db,places,1.0478331,103.9651278,384857.46331700165,115836.18790676995,-1,0.0,2,8,0,230.05361961431674,5.0,1.0986122886681098,0
3894,Nara Computer,computer store,Retail,Indonesia.Batam.Toko Komputer.202410170720.db,places,1.0304752,103.9663567,384993.5809340471,113917.25278824684,-1,0.0,0,2,0,818.1718656087047,4.3,2.9444389791664403,0
3899,Indo computer,computer store,Retail,Indonesia.Batam.Toko Komputer.202410170720.db,places,1.0476725,103.9528654,383492.95934551564,115818.88715443225,-1,0.0,2,3,0,127.93961559050081,4.4,3.1354942159291497,0
3900,Techies,computer store,Retail,Indonesia.Batam.Toko Komputer.202410170720.db,places,1.0415005,103.9827865,386822.1984781709,115135.4884457892,-1,0.0,3,8,1,204.2981212181473,4.8,1.6094379124341003,0
3904,SPC Batam (Sempian Computer),computer store,Retail,Indonesia.Batam.Toko Komputer.202410170720.db,places,1.0203177,104.0042089,389205.2217928438,112793.02794092533,-1,0.0,1,1,1,131.44416308526172,5.0,1.0986122886681098,0
3906,LOGIX,computer accessories store,Retail,Indonesia.Batam.Toko Komputer.202410170720.db,places,1.1335562,104.0111249,389978.85547669313,125310.96727374334,-1,0.0,3,7,0,28.920096853006733,5.0,3.2188758248682006,0
3908,Aivie's Collection,computer store,Retail,Indonesia.Batam.Toko Komputer.202410170720.db,places,1.1440203,104.0102997,389887.43261957046,126467.77428168464,1,291.7590631061542,18,53,11,285.72441864449775,4.7,2.0794415416798357,0
3912,Agus Semua Bisa,computer store,Retail,Indonesia.Batam.Toko Komputer.202410170720.db,places,1.1057924,103.9637918,384710.97814882273,122243.55800267191,-1,0.0,2,9,0,45.42668898169368,5.0,1.791759469228055,0
3914,pickomtech hardware,computer store,Retail,Indonesia.Batam.Toko Komputer.202410170720.db,places,1.0416224,103.9770383,386182.575087408,115149.17127896975,-1,0.0,2,8,0,405.791946509802,4.7,3.9889840465642745,0
3916,Hacomindo Computer,used computer store,Retail,Indonesia.Batam.Toko Komputer.202410170720.db,places,1.0488119,103.9530669,383515.42340439267,115944.83917425017,-1,0.0,2,3,1,127.93961559050081,4.8,2.833213344056216,0
3917,HANIFNAFI COMPUTER BATAM,computer store,Retail,Indonesia.Batam.Toko Komputer.202410170720.db,places,1.1097543,103.9872263,387318.7379296371,122680.63755635594,-1,0.0,1,4,1,376.7973550273562,4.3,1.3862943611198906,0
3918,Toko Star Computer,computer store,Retail,Indonesia.Batam.Toko Komputer.202410170720.db,places,1.0409601,103.9907589,387709.3018432186,115075.46330169648,-1,0.0,0,2,0,642.8277700681018,4.3,3.091042453358316,0
3920,PT  Witech Surya Jaya,computer store,Retail,Indonesia.Batam.Toko Komputer.202410170720.db,places,1.1359701,104.0069292,389512.0912355199,125577.97687896766,-1,0.0,0,32,0,522.1406177406747,4.2,2.772588722239781,0
3922,Matrix Net,internet cafe,Retail,Indonesia.Batam.Toko Komputer.202410170720.db,places,1.0478409,103.9373733,381769.07511861273,115838.08408675162,-1,0.0,0,1,0,537.135996590085,3.9,2.1972245773362196,0
3924,Crystal Computer,computer store,Retail,Indonesia.Batam.Toko Komputer.202410170720.db,places,1.1426762,104.0151851,390430.97789653717,126319.00114444284,1,460.2967465101662,15,32,10,0.0,4.4,5.043425116919247,0
3926,Homezizanprint,computer store,Retail,Indonesia.Batam.Toko Komputer.202410170720.db,places,1.142399,103.9975365,388467.2107595637,126289.03659437611,-1,0.0,0,26,0,534.2136075846311,5.0,0.6931471805599453,0
3927,Ink Shop Centre,computer store,Retail,Indonesia.Batam.Toko Komputer.202410170720.db,places,1.1409095,104.0024708,389016.1933971168,126124.18526204975,0,59.73197932890944,24,32,16,16.538738316736872,4.4,5.075173815233827,0
3929,WELL COMPUTER,computer store,Retail,Indonesia.Batam.Toko Komputer.202410170720.db,places,1.1407421,104.0023739,389005.4049166476,126105.68337515171,0,49.01346168026961,24,32,16,0.15684940509467735,5.0,2.302585092994046,0
3930,Puricom,computer store,Retail,Indonesia.Batam.Toko Komputer.202410170720.db,places,1.1324638,104.0341796,392544.10285759927,125189.3407582738,-1,0.0,5,10,4,338.10976365973,5.0,1.0986122886681098,0
3933,PT  Aztech Karya Mandiri,computer store,Retail,Indonesia.Batam.Toko Komputer.202410170720.db,places,1.1001744,104.037199,392878.9004742,121619.7595531481,-1,0.0,4,5,2,17.591258229728574,4.7,2.5649493574615367,0
3935,AL-Khansa Komputer  Gadget & Toys,computer store,Retail,Indonesia.Batam.Toko Komputer.202410170720.db,places,1.1286062,104.0980181,399647.1684342647,124760.61676211402,-1,0.0,4,4,2,75.74568496225058,5.0,0.6931471805599453,0
3937,Ayoostore id Batam   Ayooklik com,computer store,Retail,Indonesia.Batam.Toko Komputer.202410170720.db,places,1.115587,104.0644982,395917.0189387407,123322.58353973844,-1,0.0,0,1,0,686.6074425170827,5.0,2.1972245773362196,0
3938,TF Comp Batam,computer store,Retail,Indonesia.Batam.Toko Komputer.202410170720.db,places,1.0197481,104.003172,389089.82190149225,112730.09596904107,-1,0.0,1,1,1,131.44416308526172,5.0,1.0986122886681098,0
3939,Flash Media,computer store,Retail,Indonesia.Batam.Toko Komputer.202410170720.db,places,1.1457219,104.0128159,390167.4739163747,126655.78460352267,1,54.125014073166135,26,33,18,23.99226867251842,5.0,1.3862943611198906,0
3943,Mahkota Jaya Komputerindo,computer store,Retail,Indonesia.Batam.Toko Komputer.202410170720.db,places,1.1138468,104.0292952,391999.93529356347,123131.47937441937,-1,0.0,1,3,0,490.33468280403315,5.0,6.0867747269123065,0
3945,Ervizam - Komputer dan Konter HP,computer store,Retail,Indonesia.Batam.Toko Komputer.202410170720.db,places,1.1082662,103.9841798,386979.6920252479,122516.24740618709,-1,0.0,1,5,1,376.7973550273562,5.0,0.6931471805599453,0
3947,Piixel Komputer Specialist komputer rakitan Kota Batam,computer store,Retail,Indonesia.Batam.Toko Komputer.202410170720.db,places,1.1409303,104.0033918,389118.6738619638,126126.449133277,0,100.36055481158068,25,35,17,95.93776751972976,5.0,1.3862943611198906,0
3951,Y3 STORE COMPUTER BATAM,computer store,Retail,Indonesia.Batam.Toko Komputer.202410170720.db,places,1.1133771,104.0829123,397965.85474926216,123077.64580937049,-1,0.0,0,3,0,730.3322031692219,5.0,2.0794415416798357,0
3953,Lotus Computer Batam,computer store,Retail,Indonesia.Batam.Toko Komputer.202410170720.db,places,1.1194636,104.0371813,392877.6250911625,123752.10725347504,-1,0.0,1,4,0,263.2018886655475,4.8,5.3612921657094255,0
3954,NATOPC BATAM,computer store,Retail,Indonesia.Batam.Toko Komputer.202410170720.db,places,1.0469218,104.002797,389049.03696784703,115734.08674973242,-1,0.0,0,1,0,546.3930071186954,4.9,4.804021044733257,0
3955,Index Computer Batam,computer store,Retail,Indonesia.Batam.Toko Komputer.202410170720.db,places,1.1325217,104.0104224,389900.6492306064,125196.63303537438,-1,0.0,3,7,2,55.094730592831795,4.9,6.369900982828227,0
3957,BatamOnlineShop Com - Toko Komputer Online SDTECHNOLOGY,computer store,Retail,Indonesia.Batam.Toko Komputer.202410170720.db,places,1.1004246,104.0587491,395276.78968726983,121646.6529478451,-1,0.0,7,10,2,111.1454458613745,4.4,4.919980925828125,0
3959,AMD Corner Batam,computer store,Retail,Indonesia.Batam.Toko Komputer.202410170720.db,places,1.1428691,104.0149223,390401.7435792318,126340.33567135523,1,424.7336585524127,16,32,11,6.2652598674103395,4.4,2.6390573296152584,0
3961,ROG Store Batam by Crystal Computer,computer store,Retail,Indonesia.Batam.Toko Komputer.202410170720.db,places,1.1426762,104.0151851,390430.97789653717,126319.00114444284,1,460.2967465101662,15,32,10,0.0,5.0,6.220590170099739,0
3963,Komputer Kita,computer store,Retail,Indonesia.Batam.Toko Komputer.202410170720.db,places,1.1464814,104.0110841,389974.80637165904,126739.81154173499,1,163.98819472053444,21,34,11,56.8691329862804,4.6,3.1354942159291497,0
3965,Hypro Computer,computer store,Retail,Indonesia.Batam.Toko Komputer.202410170720.db,places,1.1407223,104.0022079,388986.93333331356,126103.50094161516,0,61.24033265513727,24,31,16,17.90472555229823,5.0,6.09807428216624,0
3967,Brother Computer,computer store,Retail,Indonesia.Batam.Toko Komputer.202410170720.db,places,1.054827,103.9686469,385249.3054225051,116609.22348955381,-1,0.0,3,8,1,114.84275212481738,4.6,2.0794415416798357,0
3969,IT STORE COM,electronics store,Retail,Indonesia.Batam.Toko Komputer.202410170720.db,places,1.1405585,104.0020968,388974.56495405815,126085.39757191352,0,64.72833788195639,24,31,3,21.925072404893474,4.1,3.1354942159291497,0
3970,Jaya Elektronik,electronics store,Retail,Indonesia.Batam.Toko Komputer.202410170720.db,places,1.1471508,104.0069004,389509.3135114639,126813.97295433746,1,625.4203925642996,10,48,1,123.91563074673947,4.3,6.0844994130751715,0
3971,Christine Computer,electronics store,Retail,Indonesia.Batam.Toko Komputer.202410170720.db,places,1.0555887,103.9679451,385171.24099755276,116693.45414473627,-1,0.0,3,8,1,114.84275212481738,4.2,3.4011973816621555,0
